{
  "project_info": {
    "project_number": "691146900012",
    "project_id": "instachat-d252f",
    "storage_bucket": "instachat-d252f.appspot.com"
  },
  "client": [
    {
      "client_info": {
        "mobilesdk_app_id": "1:691146900012:android:b93590490d8f6c7ae28789",
        "android_client_info": {
          "package_name": "com.example.android.instachat"
        }
      },
      "oauth_client": [
        {
          "client_id": "691146900012-5g8mfqsusjkts102rrlbet85iksen64t.apps.googleusercontent.com",
          "client_type": 3
        }
      ],
      "api_key": [
        {
          "current_key": "AIzaSyBvEwtqOTWdacuB2Vss3gmFETBAJQpKslM"
        }
      ],
      "services": {
        "appinvite_service": {
          "other_platform_oauth_client": [
            {
              "client_id": "691146900012-5g8mfqsusjkts102rrlbet85iksen64t.apps.googleusercontent.com",
              "client_type": 3
            }
          ]
        }
      }
    }
  ],
  "configuration_version": "1"
}